{
    "results": {
        "tool": {
            "name": "pytest",
            "version": "8.4.1"
        },
        "summary": {
            "tests": 2,
            "passed": 2,
            "failed": 0,
            "skipped": 0,
            "pending": 0,
            "other": 0,
            "start": 1776425766.6865664,
            "stop": 1776425766.7371984
        },
        "tests": [
            {
                "name": "test_outputs.py::test_output_file_exists",
                "status": "passed",
                "duration": 0.00036102719604969025,
                "start": 1776425766.73607,
                "stop": 1776425766.7366092,
                "retries": 0,
                "file_path": "test_outputs.py"
            },
            {
                "name": "test_outputs.py::test_output_is_correct",
                "status": "passed",
                "duration": 0.0002692677080631256,
                "start": 1776425766.7367358,
                "stop": 1776425766.7370913,
                "retries": 0,
                "file_path": "test_outputs.py"
            }
        ]
    }
}