{
    "results": {
        "tool": {
            "name": "pytest",
            "version": "8.4.1"
        },
        "summary": {
            "tests": 2,
            "passed": 2,
            "failed": 0,
            "skipped": 0,
            "pending": 0,
            "other": 0,
            "start": 1776424587.4299674,
            "stop": 1776424587.4737744
        },
        "tests": [
            {
                "name": "test_outputs.py::test_recovery_file_exists",
                "status": "passed",
                "duration": 0.00029055867344141006,
                "start": 1776424587.4728146,
                "stop": 1776424587.4732454,
                "retries": 0,
                "file_path": "test_outputs.py"
            },
            {
                "name": "test_outputs.py::test_password_match",
                "status": "passed",
                "duration": 0.00024612993001937866,
                "start": 1776424587.4733613,
                "stop": 1776424587.473684,
                "retries": 0,
                "file_path": "test_outputs.py"
            }
        ]
    }
}