{
    "results": {
        "tool": {
            "name": "pytest",
            "version": "8.4.1"
        },
        "summary": {
            "tests": 2,
            "passed": 2,
            "failed": 0,
            "skipped": 0,
            "pending": 0,
            "other": 0,
            "start": 1776424294.9802601,
            "stop": 1776424296.1534936
        },
        "tests": [
            {
                "name": "test_outputs.py::test_modernized_code_runs",
                "status": "passed",
                "duration": 1.1573083102703094,
                "start": 1776424294.995206,
                "stop": 1776424296.1527684,
                "retries": 0,
                "file_path": "test_outputs.py"
            },
            {
                "name": "test_outputs.py::test_dependency_file_exists",
                "status": "passed",
                "duration": 0.00030647963285446167,
                "start": 1776424296.1529708,
                "stop": 1776424296.1533778,
                "retries": 0,
                "file_path": "test_outputs.py"
            }
        ]
    }
}