{
    "results": {
        "tool": {
            "name": "pytest",
            "version": "8.4.1"
        },
        "summary": {
            "tests": 1,
            "passed": 1,
            "failed": 0,
            "skipped": 0,
            "pending": 0,
            "other": 0,
            "start": 1776424664.9236364,
            "stop": 1776424666.0595152
        },
        "tests": [
            {
                "name": "test_outputs.py::test_api",
                "status": "passed",
                "duration": 1.123038999736309,
                "start": 1776424664.9357762,
                "stop": 1776424666.0591648,
                "retries": 0,
                "file_path": "test_outputs.py"
            }
        ]
    }
}