{
    "results": {
        "tool": {
            "name": "pytest",
            "version": "8.4.1"
        },
        "summary": {
            "tests": 2,
            "passed": 2,
            "failed": 0,
            "skipped": 0,
            "pending": 0,
            "other": 0,
            "start": 1776424333.5098872,
            "stop": 1776424333.5617335
        },
        "tests": [
            {
                "name": "test_outputs.py::test_summary_file_exists",
                "status": "passed",
                "duration": 0.00034115277230739594,
                "start": 1776424333.560631,
                "stop": 1776424333.5611238,
                "retries": 0,
                "file_path": "test_outputs.py"
            },
            {
                "name": "test_outputs.py::test_summary_structure_and_counts",
                "status": "passed",
                "duration": 0.0002887444570660591,
                "start": 1776424333.5612473,
                "stop": 1776424333.5616202,
                "retries": 0,
                "file_path": "test_outputs.py"
            }
        ]
    }
}