{
    "results": {
        "tool": {
            "name": "pytest",
            "version": "8.4.1"
        },
        "summary": {
            "tests": 1,
            "passed": 1,
            "failed": 0,
            "skipped": 0,
            "pending": 0,
            "other": 0,
            "start": 1776424450.4207275,
            "stop": 1776424450.4312153
        },
        "tests": [
            {
                "name": "test_outputs.py::test_attack",
                "status": "passed",
                "duration": 0.00040332507342100143,
                "start": 1776424450.430505,
                "stop": 1776424450.4311416,
                "retries": 0,
                "file_path": "test_outputs.py"
            }
        ]
    }
}