{
    "results": {
        "tool": {
            "name": "pytest",
            "version": "8.4.1"
        },
        "summary": {
            "tests": 2,
            "passed": 2,
            "failed": 0,
            "skipped": 0,
            "pending": 0,
            "other": 0,
            "start": 1776425878.0522757,
            "stop": 1776425878.3474836
        },
        "tests": [
            {
                "name": "test_outputs.py::test_extract_js_exists",
                "status": "passed",
                "duration": 0.0003053983673453331,
                "start": 1776425878.0958273,
                "stop": 1776425878.0962737,
                "retries": 0,
                "file_path": "test_outputs.py"
            },
            {
                "name": "test_outputs.py::test_output_matches_reference",
                "status": "passed",
                "duration": 0.2506603794172406,
                "start": 1776425878.0963821,
                "stop": 1776425878.347258,
                "retries": 0,
                "file_path": "test_outputs.py"
            }
        ]
    }
}