{
    "results": {
        "tool": {
            "name": "pytest",
            "version": "8.4.1"
        },
        "summary": {
            "tests": 1,
            "passed": 1,
            "failed": 0,
            "skipped": 0,
            "pending": 0,
            "other": 0,
            "start": 1776425184.508113,
            "stop": 1776425184.5555487
        },
        "tests": [
            {
                "name": "test_outputs.py::test_move_correct",
                "status": "passed",
                "duration": 0.00039956625550985336,
                "start": 1776425184.5548847,
                "stop": 1776425184.5554276,
                "retries": 0,
                "file_path": "test_outputs.py"
            }
        ]
    }
}