{
    "results": {
        "tool": {
            "name": "pytest",
            "version": "8.4.1"
        },
        "summary": {
            "tests": 1,
            "passed": 1,
            "failed": 0,
            "skipped": 0,
            "pending": 0,
            "other": 0,
            "start": 1776426724.762278,
            "stop": 1776426724.8145719
        },
        "tests": [
            {
                "name": "test_outputs.py::test_json_data",
                "status": "passed",
                "duration": 0.0004370585083961487,
                "start": 1776426724.8138325,
                "stop": 1776426724.814437,
                "retries": 0,
                "file_path": "test_outputs.py"
            }
        ]
    }
}